HR,RBI,AVG,OPS,yrsInLeague,ASG_Result
12,74,0.270168856,0.739672261,4,YES
4,52,0.277147488,0.667737516,1,YES
7,67,0.291196388,0.817116154,4,YES
32,105,0.251336898,0.833549903,4,YES
12,51,0.244552058,0.691831161,4,YES
13,70,0.277573529,0.768815568,6,YES
21,91,0.258527828,0.75561856,1,YES
7,46,0.254854369,0.687571993,5,YES
20,69,0.267489712,0.777161635,4,YES
8,49,0.253424658,0.655647413,2,YES
22,92,0.279232112,0.788996137,11,YES
25,107,0.288808664,0.876449157,5,YES
30,85,0.243809524,0.78407281,2,YES
22,66,0.280289331,0.858320568,4,YES
16,56,0.306451613,0.848728151,1,YES
7,42,0.290740741,0.748464912,2,YES
19,65,0.275862069,0.799508718,2,YES
1,20,0.24535316,0.61598513,0,YES
24,72,0.269487751,0.8175514,4,YES
34,99,0.255499154,0.804429815,8,YES
19,77,0.273037543,0.795744595,3,YES
7,56,0.295345104,0.723047182,1,YES
15,46,0.238095238,0.752319902,8,YES
0,23,0.210762332,0.500997568,3,YES
12,61,0.303258145,0.83604281,2,YES
31,106,0.278409091,0.889956811,5,YES
24,82,0.238568588,0.765364569,1,YES
9,35,0.278810409,0.751784257,2,YES
20,63,0.271111111,0.79729547,9,YES
9,45,0.238,0.64615942,5,YES
3,29,0.275590551,0.672543649,3,YES
38,105,0.238853503,0.77393124,7,YES
20,64,0.271428571,0.806759941,1,YES
6,46,0.293918919,0.82754372,1,YES
6,48,0.325581395,0.800992738,5,YES
13,37,0.21761658,0.64917962,2,YES
15,59,0.272727273,0.731991873,10,YES
15,60,0.268370607,0.813752541,6,YES
20,101,0.29982669,0.876570702,7,YES
6,55,0.3248,0.822685237,2,YES
5,49,0.279646018,0.71478696,8,YES
28,89,0.249169435,0.760046352,4,YES
5,54,0.280952381,0.670995671,1,YES
7,58,0.297427653,0.705025209,3,YES
3,32,0.280660377,0.688578455,5,YES
10,44,0.259259259,0.691134573,2,YES
12,79,0.292436975,0.754425174,3,YES
10,75,0.279220779,0.72092319,4,YES
1,32,0.302961276,0.699962528,5,YES
24,93,0.300518135,0.882944538,3,YES
19,81,0.286701209,0.780376676,3,YES
27,90,0.275179856,0.832034051,7,YES
4,59,0.238831615,0.614734881,3,YES
29,91,0.248565966,0.840254038,2,YES
27,108,0.304140127,0.886419943,4,YES
10,67,0.316190476,0.805384615,2,YES
9,36,0.255364807,0.672184754,0,YES
6,40,0.282926829,0.753928961,5,YES
20,55,0.22037422,0.741562119,10,YES
12,57,0.245382586,0.742016507,4,YES
11,51,0.204610951,0.672358668,7,YES
19,71,0.253588517,0.802537446,3,YES
8,37,0.258181818,0.648805947,1,YES
27,88,0.28314239,0.803055101,0,YES
17,54,0.218446602,0.704048644,0,YES
9,57,0.270440252,0.710966162,2,YES
23,78,0.251290878,0.767598713,5,YES
12,42,0.196491228,0.662209578,8,YES
9,79,0.306799337,0.809431735,4,YES
8,45,0.255591054,0.70345459,4,YES
27,84,0.289424861,0.905459153,4,YES
15,49,0.225464191,0.727844274,2,YES
18,62,0.284810127,0.828014226,6,YES
14,76,0.257191201,0.713846714,1,YES
12,47,0.269230769,0.715680259,3,YES
15,51,0.28,0.865174825,5,YES
35,109,0.27866242,0.810240964,4,YES
11,59,0.232510288,0.657306397,2,YES
31,113,0.266881029,0.801397441,4,YES
4,62,0.288059701,0.710205953,3,YES
29,94,0.304042179,0.902765495,4,YES
14,96,0.271944923,0.729532636,8,YES
2,20,0.24567474,0.650701147,3,YES
23,78,0.300215983,0.874522915,6,YES
3,41,0.300215983,0.754820889,0,YES
2,31,0.270642202,0.669474212,4,YES
7,77,0.303921569,0.770577712,3,YES
8,93,0.305227656,0.773901667,10,YES
30,100,0.281733746,0.84877021,3,YES
7,70,0.294,0.78121815,3,YES
25,82,0.266666667,0.751958382,3,YES
6,50,0.272727273,0.739879769,3,YES
42,110,0.280442804,0.940735945,7,YES
26,84,0.275337838,0.848351113,3,YES
8,50,0.303724928,0.766264268,4,YES
15,54,0.212253829,0.63159141,3,YES
8,50,0.277404922,0.760097376,5,YES
10,55,0.297297297,0.7913037,2,YES
44,134,0.272251309,0.948066825,6,YES
14,66,0.275650842,0.740513626,3,YES
3,38,0.306666667,0.726807126,5,YES
13,90,0.304900181,0.820551293,2,YES
12,42,0.220394737,0.724818512,1,YES
18,85,0.286307054,0.823628054,3,YES
7,48,0.271523179,0.724396878,4,YES
10,35,0.289634146,0.804027825,1,YES
8,43,0.304812834,0.799688057,2,YES
1,22,0.212598425,0.604519469,1,YES
22,102,0.32173913,0.907247278,4,YES
2,51,0.289007092,0.730496454,2,YES
23,91,0.253658537,0.725288447,2,YES
9,72,0.288530466,0.788076087,9,YES
16,47,0.281842818,0.842593145,1,YES
9,54,0.313465784,0.81501889,1,YES
3,35,0.257352941,0.642014935,8,YES
22,91,0.3,0.906394837,7,YES
4,49,0.275985663,0.680845456,5,YES
8,49,0.232704403,0.625681136,8,YES
10,54,0.303425775,0.770943145,6,YES
11,51,0.259340659,0.686308286,3,YES
11,55,0.299401198,0.737437229,5,YES
14,65,0.282242991,0.74134216,1,YES
18,68,0.280487805,0.833757384,4,YES
29,81,0.282101167,0.868601688,8,YES
34,97,0.323725055,1.004065041,0,YES
22,92,0.307036247,0.876473663,2,YES
25,78,0.249077491,0.74263407,10,YES
35,100,0.277777778,0.843826135,5,YES
8,69,0.276264591,0.721010999,4,YES
5,37,0.273356401,0.719841757,1,YES
28,123,0.288690476,0.791599026,7,YES
15,72,0.275992439,0.701922717,3,YES
8,51,0.266897747,0.679325441,5,YES
15,67,0.286701209,0.808720598,4,YES
31,108,0.308892356,0.881256642,5,YES
28,105,0.290976059,0.915391022,2,YES
8,73,0.267768595,0.68072272,7,YES
23,100,0.283828383,0.809532603,2,YES
9,62,0.256272401,0.656026727,2,YES
11,52,0.265258216,0.696380035,2,YES
31,99,0.304568528,0.890796085,5,YES
21,82,0.292553191,0.865943873,4,YES
25,108,0.325431034,0.968869283,6,YES
2,34,0.253481894,0.623246522,2,YES
29,97,0.293609672,0.841680156,12,YES
14,69,0.276895944,0.807661704,9,YES
17,65,0.283870968,0.78189895,2,YES
20,58,0.221748401,0.683377231,7,YES
24,94,0.271375465,0.828438954,5,YES
11,65,0.246598639,0.674464125,10,YES
21,72,0.256198347,0.805300256,3,YES
25,70,0.280943026,0.845654313,2,YES
30,85,0.279467681,0.842063916,3,YES
19,42,0.319371728,0.925235117,0,YES
24,67,0.272727273,0.860678195,6,YES
31,101,0.287946429,0.960869527,6,YES
18,87,0.305471125,0.808660657,6,YES
14,72,0.306306306,0.785382566,3,YES
35,113,0.320069204,0.981322263,2,YES
26,78,0.301659125,0.878770739,2,YES
10,52,0.26705653,0.689994216,4,YES
20,82,0.285992218,0.849727229,1,YES
19,80,0.251485149,0.760168229,4,YES
12,59,0.303643725,0.82164423,2,YES
23,86,0.256457565,0.754294117,8,YES
27,97,0.295010846,0.873505676,4,YES
16,81,0.277680141,0.766088806,4,YES
16,50,0.252155172,0.732261273,5,YES
19,58,0.248275862,0.776894517,3,YES
7,52,0.275773196,0.753074292,5,YES
20,89,0.283363803,0.807857703,7,YES
10,77,0.277337559,0.736821372,9,YES
20,61,0.262939959,0.795832498,1,YES
14,58,0.292982456,0.799458453,5,YES
23,75,0.272921109,0.796477204,3,YES
20,98,0.275684932,0.775578244,7,YES
5,22,0.24566474,0.625790974,2,YES
18,50,0.202054795,0.697414936,2,YES
7,42,0.23325062,0.647762923,3,YES
28,91,0.289473684,0.849379546,3,YES
19,87,0.306889353,0.866435937,1,YES
38,125,0.26272578,0.838309417,5,YES
23,110,0.292913386,0.836590228,12,YES
13,57,0.304216867,0.782950483,9,YES
11,64,0.270386266,0.795935187,9,YES
1,26,0.273504274,0.674643875,0,YES
23,65,0.243137255,0.75872211,4,YES
16,71,0.278372591,0.826490395,17,YES
10,44,0.261904762,0.756654457,1,YES
13,75,0.261510129,0.711431976,6,YES
6,54,0.270909091,0.683023001,7,YES
12,47,0.261728395,0.745233119,5,YES
8,46,0.234608985,0.629562258,0,YES
14,52,0.306985294,0.856893382,4,YES
4,46,0.304535637,0.79311363,2,YES
29,87,0.254174397,0.768257422,1,YES
5,35,0.291390728,0.735624073,3,YES
15,42,0.276666667,0.805238095,3,YES
16,67,0.254285714,0.820338983,2,YES
3,43,0.288924559,0.720929643,2,YES
7,52,0.271523179,0.781890908,1,YES
11,61,0.284172662,0.748481734,5,YES
14,62,0.296934866,0.777707347,0,YES
29,83,0.268817204,0.829949435,7,YES
19,85,0.272727273,0.788177448,2,YES
6,31,0.240469208,0.648677112,2,YES
6,49,0.203488372,0.537935016,11,YES
12,51,0.312820513,0.834992459,0,YES
25,100,0.298210736,0.900484656,4,YES
9,44,0.226804124,0.641384389,3,YES
8,37,0.311053985,0.81769045,1,YES
19,47,0.291946309,0.921643797,0,YES
39,115,0.314779271,1.032066294,4,YES
6,36,0.267343486,0.693491293,3,YES
19,76,0.288808664,0.820688343,9,YES
0,35,0.229885057,0.589359892,2,YES
27,102,0.306086957,0.911606115,1,YES
12,49,0.262820513,0.681676048,0,YES
34,112,0.25982906,0.797416143,3,YES
16,61,0.263736264,0.748493091,0,YES
20,96,0.273830156,0.811212646,1,YES
17,87,0.308492201,0.850128826,4,YES
13,40,0.235119048,0.756984326,5,YES
15,88,0.309833024,0.8503689,6,YES
13,64,0.265979381,0.721107308,2,YES
13,72,0.314091681,0.813733838,8,YES
2,26,0.291970803,0.786964252,4,YES
10,58,0.248421053,0.694911941,1,YES
19,95,0.291457286,0.821706352,4,YES
10,66,0.274939173,0.741569154,4,YES
3,51,0.279017857,0.679227941,7,YES
4,34,0.271889401,0.692630633,3,YES
23,76,0.315192744,0.911621315,3,YES
29,81,0.331768388,0.947855223,2,YES
11,37,0.261484099,0.754186999,4,YES
23,66,0.237089202,0.817121479,3,YES
24,70,0.245098039,0.761132021,3,YES
20,79,0.271119843,0.782632197,5,YES
38,86,0.258741259,0.836300314,4,YES
20,87,0.273927393,0.749494465,4,YES
13,54,0.312039312,0.833117953,7,YES
11,55,0.248878924,0.695406714,1,YES
26,82,0.30964467,0.984349475,3,YES
13,63,0.268206039,0.731577703,2,YES
16,78,0.270377734,0.760725169,5,YES
7,46,0.223476298,0.629615163,5,YES
3,33,0.259640103,0.623452736,5,YES
26,92,0.295218295,0.889456161,3,YES
1,53,0.284090909,0.689593301,5,YES
1,37,0.286343612,0.690476834,4,YES
5,48,0.323450135,0.809270906,10,YES
5,33,0.275964392,0.728533998,2,YES
26,92,0.28340081,0.909414671,8,YES
4,53,0.27301092,0.719507723,3,YES
16,61,0.270833333,0.787243975,1,YES
3,35,0.285478548,0.738128865,3,YES
11,84,0.316923077,0.770635452,10,YES
12,43,0.243735763,0.677716625,1,YES
17,58,0.255855856,0.749069455,6,YES
9,42,0.238390093,0.64916092,2,YES
3,50,0.284974093,0.69350469,6,YES
12,39,0.24375,0.677093661,3,YES
17,65,0.278195489,0.782734037,3,YES
34,94,0.252892562,0.781678106,5,YES
11,51,0.263374486,0.73683388,4,YES
9,72,0.304270463,0.770284102,4,YES
33,96,0.262645914,0.828462903,2,YES
2,24,0.246231156,0.648444927,3,YES
22,78,0.261029412,0.779824133,12,YES
10,59,0.261954262,0.703447779,1,YES
10,61,0.265524625,0.723909287,5,YES
5,47,0.251318102,0.610503054,7,YES
4,29,0.280623608,0.711441808,2,YES
19,71,0.284172662,0.826820144,1,YES
4,47,0.25,0.637254902,7,YES
8,44,0.289719626,0.839738741,2,YES
7,74,0.306451613,0.752535589,10,YES
26,74,0.257142857,0.848056982,0,YES
7,31,0.227891156,0.656401115,1,YES
5,42,0.267206478,0.662679079,3,YES
21,89,0.310408922,0.873698725,5,YES
3,27,0.264285714,0.629795205,0,YES
6,50,0.276086957,0.691167408,2,YES
19,64,0.233393178,0.741891359,3,YES
14,34,0.217391304,0.705087339,6,YES
11,90,0.307570978,0.809033637,2,YES
24,68,0.23030303,0.765127628,6,YES
4,52,0.295010846,0.692967257,8,YES
1,32,0.256140351,0.605789474,10,YES
21,61,0.268181818,0.760128354,2,YES
20,61,0.261398176,0.828040773,4,YES
31,102,0.246938776,0.87114279,7,YES
11,53,0.271293375,0.718797969,2,YES
19,67,0.273056058,0.802812036,2,YES
6,36,0.316939891,0.876478071,3,YES
21,74,0.338422392,0.978202819,7,YES
17,55,0.254736842,0.755789474,6,YES
18,100,0.283121597,0.788666742,3,YES
13,90,0.312849162,0.823900475,3,YES
6,45,0.290566038,0.756669174,9,YES
20,88,0.319626168,0.903408376,2,YES
6,54,0.245901639,0.640988281,2,YES
17,82,0.281456954,0.777357301,8,YES
31,107,0.302973978,0.916304648,5,YES
31,100,0.277456647,0.848128993,3,YES
31,109,0.256849315,0.787619344,6,YES
1,37,0.309210526,0.726255981,1,YES
5,45,0.274193548,0.662464175,1,YES
29,102,0.304900181,0.9260152,5,YES
23,94,0.259259259,0.795878136,2,YES
21,89,0.289156627,0.807929735,5,YES
5,32,0.231578947,0.626651022,6,YES
1,24,0.22247191,0.564520764,3,YES
15,79,0.276632302,0.7778348,1,YES
2,29,0.208994709,0.541475885,2,YES
30,96,0.283171521,0.840337394,5,YES
17,57,0.3,0.929211971,8,YES
11,39,0.301038062,0.798457088,1,YES
14,56,0.231671554,0.707727503,5,YES
24,115,0.322862129,0.97459518,2,YES
11,41,0.273170732,0.714220183,7,YES
4,56,0.296208531,0.709073064,0,YES
9,55,0.264240506,0.709029719,6,YES
14,72,0.294392523,0.822373737,5,YES
1,30,0.210031348,0.568045249,3,YES
14,62,0.23956044,0.666054432,9,YES
25,83,0.268907563,0.783303228,1,YES
7,31,0.242424242,0.719296204,3,YES
35,91,0.308128544,0.951280436,1,YES
11,76,0.311504425,0.824993904,3,YES
23,71,0.26691042,0.815642508,8,YES
7,58,0.272988506,0.686905776,2,YES
16,66,0.283842795,0.824781659,3,YES
21,67,0.297450425,0.949395724,1,YES
4,28,0.274691358,0.673249839,4,YES
7,39,0.278688525,0.749069104,1,YES
15,42,0.25,0.816001132,1,YES
16,56,0.285964912,0.814153482,1,YES
8,54,0.247226624,0.686954867,1,YES
23,69,0.282208589,0.788162431,4,YES
25,85,0.282271945,0.797040251,2,YES
1,22,0.27593819,0.684676161,6,YES
3,44,0.308681672,0.781485752,9,YES
13,47,0.271052632,0.760976372,4,YES
15,68,0.229473684,0.615831245,5,YES
17,60,0.268965517,0.877832512,1,YES
27,71,0.277108434,0.900714975,2,YES
13,54,0.242105263,0.695987094,0,YES
17,68,0.278026906,0.778581805,14,YES
7,81,0.319738989,0.775719623,2,YES
19,89,0.327669903,0.956353262,2,YES
17,41,0.278625954,0.869979801,6,YES
26,87,0.240924092,0.752553362,5,YES
10,65,0.281927711,0.791604964,0,YES
8,41,0.296969697,0.762166781,0,YES
28,84,0.275438596,0.807928475,1,YES
38,112,0.280733945,0.929233028,1,YES
2,30,0.24361949,0.584518867,8,YES
15,81,0.248638838,0.702583625,7,YES
17,62,0.2625,0.811838565,3,YES
8,76,0.274873524,0.738217009,11,YES
31,85,0.26371308,0.839471018,8,YES
22,69,0.260162602,0.764145757,2,YES
3,29,0.291187739,0.732011394,2,YES
12,56,0.27293578,0.768957124,7,YES
15,80,0.244575937,0.72302486,2,YES
15,83,0.304964539,0.797826062,2,YES
1,18,0.304832714,0.710687082,0,YES
16,56,0.283887468,0.812340888,1,YES
14,52,0.267326733,0.817833569,5,YES
10,44,0.30183727,0.80427797,3,YES
25,84,0.32196162,0.98076712,2,YES
18,82,0.280230326,0.794549606,3,YES
0,24,0.301242236,0.73661309,1,YES
5,69,0.288814691,0.708317149,6,YES
12,56,0.268608414,0.776023639,6,YES
28,81,0.270650264,0.830526264,1,YES
14,51,0.28271028,0.774206811,3,YES
26,82,0.282238443,0.907480059,1,YES
30,87,0.255605381,0.859055188,6,YES
8,48,0.260663507,0.667184889,2,YES
34,130,0.320945946,0.934310729,3,YES
26,100,0.307101727,0.910777256,5,YES
5,24,0.26119403,0.723137559,5,YES
1,42,0.32513181,0.815366452,2,YES
11,69,0.28836425,0.744130237,1,YES
36,88,0.231075697,0.778156746,4,YES
43,109,0.260273973,0.832907057,3,YES
14,64,0.281663516,0.763112505,3,YES
26,80,0.240075614,0.736769132,1,YES
6,42,0.278592375,0.702757557,9,YES
7,61,0.325102881,0.788255839,3,YES
7,49,0.284710018,0.712124266,7,YES
31,106,0.271812081,0.868973203,3,YES
13,69,0.282520325,0.79726599,3,YES
7,24,0.301886792,0.851260061,2,YES
13,78,0.285714286,0.733401508,5,YES
14,81,0.270935961,0.753373472,9,YES
25,85,0.282786885,0.879321646,4,YES
23,71,0.242474916,0.761558414,2,YES
7,54,0.25862069,0.707620979,4,YES
31,128,0.296577947,0.914323636,6,YES
9,32,0.23880597,0.661328773,2,YES
8,53,0.287804878,0.788713637,9,YES
11,73,0.282258065,0.720840655,8,YES
10,64,0.281034483,0.731341972,4,YES
32,98,0.27768595,0.859817363,7,YES
2,22,0.229765013,0.590286716,2,YES
12,62,0.267515924,0.79271427,0,YES
10,39,0.224274406,0.644342147,6,YES
13,38,0.258358663,0.809890048,2,YES
10,75,0.284768212,0.732740633,5,YES
9,55,0.294478528,0.7828841,1,YES
30,75,0.319783198,1.045788166,5,YES
21,74,0.275862069,0.854645637,1,YES
14,74,0.273476112,0.748582875,6,YES
15,83,0.325088339,0.894428388,2,YES
8,47,0.275157233,0.709891868,2,YES
2,35,0.275618375,0.670839265,3,YES
9,49,0.25621118,0.686883449,6,YES
7,32,0.236790607,0.673953675,4,YES
7,34,0.224199288,0.672642072,2,YES
15,70,0.276923077,0.774566875,4,YES
27,93,0.269624573,0.838626342,2,YES
10,69,0.246435845,0.712845453,3,YES
30,97,0.300869565,0.916489681,9,YES
2,45,0.262569832,0.684532123,5,YES
4,32,0.283154122,0.741935484,1,YES
18,73,0.268292683,0.736474734,2,YES
32,92,0.296500921,0.929874723,3,YES
7,56,0.304054054,0.74043961,4,YES
15,48,0.229591837,0.713049537,11,YES
11,53,0.282868526,0.778587195,5,YES
17,46,0.25,0.757004058,7,YES
23,100,0.274671053,0.762190402,3,YES
7,56,0.253112033,0.683009391,6,YES
19,73,0.233521657,0.721160932,2,YES
5,53,0.3014862,0.750535015,4,YES
25,70,0.300469484,0.883769429,5,YES
11,41,0.202505219,0.576444849,6,YES
16,52,0.265232975,0.836566055,3,YES
18,81,0.282392027,0.807414287,4,YES
14,46,0.262390671,0.811261301,5,YES
8,50,0.317307692,0.822516026,1,YES
18,52,0.196185286,0.696826414,1,YES
16,43,0.190972222,0.640481246,6,YES
24,81,0.295049505,0.891555038,3,YES
16,77,0.298701299,0.82567718,1,YES
6,45,0.269417476,0.712872876,5,YES
18,61,0.287037037,0.82832618,1,YES
6,48,0.284144427,0.693338644,5,YES
9,59,0.248120301,0.674038776,4,YES
24,84,0.270588235,0.794937611,2,YES
15,65,0.285714286,0.774874738,5,YES
15,53,0.259459459,0.823283903,12,YES
5,50,0.244725738,0.626066386,4,YES
6,40,0.266666667,0.701839162,0,YES
22,81,0.2890625,0.83244918,1,YES
38,116,0.310891089,1.061566723,5,YES
28,93,0.264214047,0.791914857,1,YES
13,51,0.251815981,0.738685443,2,YES
10,57,0.306425041,0.765632166,8,YES
11,64,0.254612546,0.740564716,4,YES
15,42,0.212471132,0.710783086,3,YES
6,29,0.256809339,0.7352492,2,YES
18,68,0.260964912,0.764934597,4,YES
9,62,0.321917808,0.841635046,1,YES
21,86,0.275229358,0.852169131,6,YES
4,38,0.269720102,0.760847295,10,YES
9,43,0.265993266,0.770036722,4,YES
25,66,0.235697941,0.781434482,1,YES
10,79,0.317604356,0.813720508,5,YES
8,44,0.265033408,0.682602382,11,YES
17,66,0.271825397,0.816465084,7,YES
26,82,0.260299625,0.827762765,3,YES
29,79,0.239564428,0.781311029,1,YES
10,70,0.290519878,0.775469047,2,YES
6,35,0.276985743,0.692033156,5,YES
23,80,0.232673267,0.74233032,2,YES
36,103,0.31809872,0.95063382,6,YES
9,60,0.255050505,0.699242424,4,YES
28,93,0.301346801,0.887620668,12,YES
22,86,0.319112628,0.879702209,7,YES
25,91,0.315602837,0.901597182,6,YES
27,119,0.294407895,0.879956206,3,YES
16,61,0.273062731,0.785056846,2,YES
18,93,0.297161937,0.822461861,4,YES
2,27,0.23046875,0.661967094,3,YES
6,53,0.302428256,0.800807583,1,YES
40,121,0.261702128,0.908601767,8,YES
9,30,0.246212121,0.754367782,1,YES
32,85,0.253968254,0.780381155,3,YES
9,51,0.278195489,0.751672284,3,YES
10,68,0.323529412,0.8101676,11,YES
19,51,0.260240964,0.767583338,5,YES
19,78,0.267034991,0.803085583,5,YES
10,73,0.284172662,0.727920295,4,YES
15,77,0.300429185,0.832143006,1,YES
2,51,0.278571429,0.656447909,2,YES
4,66,0.322891566,0.819445223,0,YES
22,63,0.288461538,0.923629531,1,YES
22,79,0.246062992,0.769302275,7,YES
19,61,0.271820449,0.815594941,3,YES
22,72,0.263757116,0.832601222,5,YES
21,57,0.276041667,0.80907634,3,YES
7,55,0.288713911,0.76272706,3,YES
16,64,0.289527721,0.807347923,2,YES
16,67,0.273743017,0.717809902,7,YES
5,36,0.300242131,0.758478621,2,YES
24,115,0.231861199,0.680980679,7,YES
4,42,0.275675676,0.689251016,2,YES
6,45,0.272479564,0.764169583,7,YES
33,85,0.269902913,0.82659365,4,YES
16,83,0.287878788,0.843051515,3,YES
10,81,0.263502455,0.690278334,1,YES
11,49,0.306666667,0.822168022,3,YES
33,123,0.314782609,0.974626212,4,YES
4,33,0.258227848,0.690228788,1,YES
13,100,0.269421488,0.723039091,5,YES
27,92,0.260638298,0.784371245,4,YES
26,114,0.266666667,0.844177205,10,YES
16,68,0.269016698,0.741595034,3,YES
2,28,0.226452906,0.606558125,4,YES
3,27,0.226244344,0.562030626,10,YES
10,46,0.24796748,0.643397813,2,YES
23,78,0.22754491,0.722666751,3,YES
3,36,0.276209677,0.724280223,3,YES
2,57,0.263616558,0.670206972,4,YES
26,73,0.210743802,0.77837014,5,YES
1,50,0.281415929,0.701153378,0,YES
25,68,0.246013667,0.758464097,2,YES
4,44,0.252173913,0.662744565,2,YES
4,74,0.287988423,0.715125262,1,YES
34,87,0.261627907,0.892894917,1,YES
19,70,0.268502582,0.769129066,3,YES
23,86,0.265267176,0.803127104,2,YES
18,70,0.258561644,0.771661343,5,YES
22,75,0.245583039,0.718368456,7,YES
4,28,0.247619048,0.596320346,2,YES
29,82,0.260869565,0.815392707,2,YES
32,99,0.281786942,0.856103621,4,YES
30,95,0.297709924,0.885464377,7,YES
29,82,0.248995984,0.868852895,5,YES
16,86,0.312043796,0.841353813,6,YES
18,77,0.291457286,0.820075801,1,YES
45,125,0.27090301,0.888651828,4,YES
38,109,0.32423756,0.959838396,2,YES
24,101,0.306320908,0.876073833,3,NO
20,77,0.253816794,0.793032102,6,NO
44,102,0.259515571,0.892195193,2,NO
1,24,0.248192771,0.600911755,6,NO
1,21,0.262458472,0.661832161,4,NO
3,19,0.260479042,0.663871717,4,NO
20,68,0.250463822,0.779469869,6,NO
16,71,0.268876611,0.755614194,6,NO
8,48,0.257884972,0.695588189,4,NO
8,42,0.260273973,0.651481864,11,NO
18,67,0.281081081,0.773802559,1,NO
0,24,0.199300699,0.513427467,6,NO
5,52,0.283018868,0.723709072,5,NO
7,40,0.278145695,0.743259224,4,NO
5,26,0.251336898,0.703836265,6,NO
15,48,0.288321168,0.92548191,6,NO
17,59,0.268765133,0.773580964,6,NO
12,68,0.273972603,0.708040751,2,NO
4,44,0.251592357,0.658070082,5,NO
13,39,0.291666667,0.899073794,9,NO
2,31,0.324324324,0.82638439,0,NO
3,79,0.285714286,0.678568249,2,NO
12,50,0.278350515,0.769113597,12,NO
10,56,0.243421053,0.714428535,6,NO
17,47,0.275541796,0.876559045,1,NO
6,32,0.264957265,0.707105064,2,NO
4,47,0.261640798,0.693009326,7,NO
11,40,0.255154639,0.77315256,1,NO
10,51,0.324582339,0.8334551,0,NO
18,76,0.252465483,0.784650363,2,NO
3,21,0.26459144,0.65427295,0,NO
12,51,0.257309942,0.749651908,2,NO
2,31,0.281368821,0.715478397,4,NO
10,46,0.264642082,0.714856357,9,NO
44,122,0.313620072,1.027505065,3,NO
12,45,0.258666667,0.735111111,2,NO
8,50,0.239583333,0.592326733,9,NO
9,46,0.24933687,0.684188394,4,NO
5,37,0.25,0.654356061,3,NO
0,21,0.221574344,0.525580095,1,NO
2,24,0.218658892,0.643598793,7,NO
8,47,0.233082707,0.649212618,3,NO
15,68,0.247058824,0.697014595,6,NO
5,25,0.275793651,0.708158263,6,NO
31,99,0.279850746,0.868710634,4,NO
9,39,0.252279635,0.749885922,8,NO
8,63,0.268376068,0.71418957,8,NO
20,67,0.258205689,0.748626451,7,NO
1,26,0.291021672,0.713352698,3,NO
4,21,0.270358306,0.695883045,1,NO
9,34,0.167330677,0.527450803,4,NO
0,24,0.255079007,0.599973954,5,NO
1,21,0.219512195,0.521777003,6,NO
6,36,0.259681093,0.757412337,2,NO
7,19,0.235087719,0.630390492,1,NO
19,52,0.282828283,0.861545973,3,NO
20,78,0.272138229,0.805465157,4,NO
2,34,0.245508982,0.654812715,1,NO
13,46,0.212276215,0.595107523,8,NO
0,12,0.222222222,0.544924165,0,NO
7,41,0.20758483,0.569331283,3,NO
2,42,0.291404612,0.742367845,1,NO
22,92,0.267015707,0.794031521,3,NO
24,107,0.306291391,0.858008212,7,NO
14,47,0.259708738,0.72135485,1,NO
11,46,0.220394737,0.694656702,2,NO
12,49,0.246887967,0.712203044,6,NO
11,66,0.277777778,0.792661503,1,NO
18,76,0.290429043,0.798684899,2,NO
5,37,0.242524917,0.612181617,5,NO
1,21,0.268518519,0.680241755,7,NO
0,31,0.294117647,0.703864608,4,NO
15,54,0.266219239,0.770470699,1,NO
10,72,0.254700855,0.68493839,2,NO
5,28,0.237951807,0.626816458,2,NO
22,60,0.198630137,0.65831127,1,NO
2,23,0.235059761,0.613632114,0,NO
0,24,0.244966443,0.591737122,3,NO
9,45,0.245136187,0.676575875,3,NO
7,56,0.299771167,0.815616813,9,NO
14,60,0.260387812,0.806439613,6,NO
27,84,0.224899598,0.748045563,3,NO
9,33,0.286231884,0.82393388,2,NO
20,65,0.277542373,0.791468431,3,NO
7,56,0.280851064,0.746743295,1,NO
5,45,0.25,0.67201319,2,NO
10,59,0.271293375,0.685038306,7,NO
5,30,0.264150943,0.680357888,0,NO
7,48,0.25,0.69170259,2,NO
2,26,0.276190476,0.694612117,7,NO
8,40,0.285714286,0.819375219,4,NO
12,42,0.248101266,0.773414915,8,NO
5,17,0.218518519,0.604205901,2,NO
10,61,0.247755835,0.67081282,10,NO
11,35,0.276223776,0.785026085,2,NO
3,43,0.293381038,0.701275469,5,NO
4,32,0.274691358,0.679237303,11,NO
6,67,0.271973466,0.667522261,7,NO
9,47,0.277966102,0.7944138,3,NO
8,46,0.284829721,0.794630768,10,NO
11,55,0.241071429,0.686215891,5,NO
28,70,0.280922432,0.875469394,3,NO
26,86,0.272904483,0.868417825,11,NO
1,18,0.2125,0.534746813,6,NO
3,28,0.237226277,0.604127863,6,NO
16,52,0.252525253,0.795959596,4,NO
8,49,0.257606491,0.669728226,6,NO
20,67,0.241438356,0.673323252,4,NO
2,20,0.223744292,0.532107093,6,NO
20,63,0.252465483,0.745089579,3,NO
9,52,0.32361516,0.874674235,0,NO
11,46,0.246268657,0.699473485,3,NO
0,22,0.25483871,0.652396047,5,NO
26,77,0.268408551,0.893149873,3,NO
11,35,0.263250883,0.671627102,13,NO
4,19,0.24137931,0.621191223,1,NO
0,29,0.221498371,0.60117721,2,NO
4,32,0.2172949,0.547028551,9,NO
4,26,0.219143577,0.571218318,0,NO
15,73,0.287671233,0.78709975,0,NO
2,12,0.227091633,0.553710807,4,NO
6,31,0.172932331,0.523093448,7,NO
0,30,0.26433121,0.611884511,0,NO
2,28,0.292740047,0.732771729,8,NO
17,69,0.297916667,0.848073899,5,NO
8,38,0.238425926,0.649724192,2,NO
11,58,0.276315789,0.744109186,1,NO
18,66,0.266514806,0.795783121,12,NO
3,31,0.254452926,0.677151982,6,NO
11,36,0.275,0.810872014,5,NO
5,28,0.292857143,0.754060665,4,NO
4,18,0.26,0.6979631,0,NO
18,55,0.228710462,0.718517572,6,NO
10,43,0.241071429,0.695215754,4,NO
1,17,0.224561404,0.558245614,3,NO
14,60,0.255154639,0.756464524,4,NO
10,46,0.301369863,0.878942797,11,NO
26,64,0.29330254,0.917466129,0,NO
16,46,0.270633397,0.717672632,0,NO
8,30,0.276264591,0.742429369,2,NO
26,104,0.303747535,0.861691869,11,NO
17,59,0.251559252,0.712624316,4,NO
19,75,0.26746988,0.817887904,5,NO
0,21,0.214559387,0.53192848,1,NO
3,30,0.256476684,0.703208494,5,NO
14,55,0.234482759,0.672944672,8,NO
18,74,0.243761996,0.739688491,4,NO
10,49,0.272727273,0.737246195,3,NO
2,29,0.2890625,0.697534064,6,NO
8,30,0.227091633,0.699781953,9,NO
0,12,0.265682657,0.6106624,5,NO
22,92,0.260869565,0.748580804,5,NO
14,45,0.256880734,0.818157288,12,NO
6,30,0.28685259,0.784262948,12,NO
12,47,0.261437908,0.770383377,11,NO
5,44,0.28680203,0.745254155,5,NO
9,47,0.262295082,0.753706039,1,NO
12,54,0.259515571,0.787501311,2,NO
13,29,0.20795107,0.688538226,17,NO
2,54,0.252351097,0.592729295,2,NO
12,40,0.227822581,0.623635702,8,NO
27,66,0.24744898,0.827829314,2,NO
6,27,0.219047619,0.631111111,2,NO
3,50,0.290441176,0.732365404,9,NO
12,53,0.230434783,0.620365654,3,NO
14,54,0.26342711,0.781629456,7,NO
9,40,0.241106719,0.741480244,8,NO
2,26,0.322289157,0.720836286,3,NO
12,62,0.285714286,0.770137819,10,NO
5,25,0.227272727,0.607714469,6,NO
9,36,0.251111111,0.691450928,4,NO
9,49,0.288321168,0.733181579,4,NO
9,33,0.249275362,0.684963768,1,NO
22,108,0.314285714,0.854504967,7,NO
7,54,0.298734177,0.781232299,9,NO
12,48,0.25,0.769425676,10,NO
4,22,0.238970588,0.625668449,4,NO
12,48,0.235789474,0.720072595,5,NO
12,46,0.249370277,0.668531428,7,NO
28,87,0.25840708,0.792586933,2,NO
31,63,0.247334755,0.87747031,6,NO
16,55,0.224852071,0.678040308,7,NO
21,49,0.292899408,0.929581164,7,NO
6,66,0.284046693,0.748460903,13,NO
8,26,0.263779528,0.792746519,6,NO
27,73,0.298295455,0.968694432,5,NO
6,68,0.329566855,0.832876985,4,NO
20,45,0.258785942,0.918933746,4,NO
10,50,0.275510204,0.850226757,4,NO
2,29,0.303944316,0.722034732,2,NO
2,27,0.245,0.605890023,2,NO
3,33,0.239583333,0.591626214,1,NO
6,45,0.263403263,0.707931708,11,NO
4,32,0.279778393,0.679505669,9,NO
5,58,0.311507937,0.775560224,3,NO
4,24,0.224264706,0.578978932,2,NO
14,57,0.269230769,0.754594528,6,NO
2,29,0.244444444,0.651842884,2,NO
23,73,0.248565966,0.75689796,6,NO
7,36,0.253918495,0.687304075,3,NO
21,71,0.235421166,0.697806398,5,NO
5,28,0.267716535,0.699579294,3,NO
11,64,0.299019608,0.784665962,6,NO
15,46,0.222222222,0.6788919,4,NO
16,57,0.214539007,0.585985581,3,NO
3,26,0.233421751,0.576962471,6,NO
9,41,0.283116883,0.803929404,5,NO
8,50,0.235142119,0.656072351,7,NO
1,40,0.267295597,0.655138557,0,NO
3,43,0.277777778,0.738189351,9,NO
0,31,0.233009709,0.560071026,4,NO
4,43,0.227184466,0.586550281,2,NO
1,25,0.307106599,0.721269276,12,NO
1,25,0.241635688,0.588966442,0,NO
3,26,0.254716981,0.686160518,8,NO
21,79,0.291759465,0.800974029,2,NO
12,37,0.244343891,0.682309305,11,NO
2,22,0.212543554,0.543869738,11,NO
7,41,0.266839378,0.685192778,6,NO
2,32,0.245283019,0.70490566,4,NO
12,48,0.248898678,0.693333214,10,NO
3,37,0.236462094,0.563593925,6,NO
5,27,0.208201893,0.568145239,4,NO
8,46,0.274782609,0.647971014,4,NO
4,14,0.252964427,0.72102844,1,NO
17,50,0.306501548,0.900198282,8,NO
10,36,0.244258873,0.696819907,4,NO
5,33,0.250965251,0.708310351,6,NO
8,27,0.27092511,0.762139953,5,NO
13,45,0.247191011,0.781052373,2,NO
15,60,0.288571429,0.868447205,2,NO
6,45,0.272552783,0.672907293,0,NO
2,32,0.265454545,0.683896104,6,NO
31,83,0.296568627,0.974162799,8,NO
5,41,0.23583181,0.618084328,6,NO
18,39,0.255905512,0.83263468,2,NO
14,50,0.279605263,0.839994108,1,NO
7,41,0.318766067,0.83063482,1,NO
10,72,0.314671815,0.823295377,2,NO
4,31,0.231884058,0.585487662,11,NO
1,34,0.261764706,0.633196216,8,NO
2,38,0.27761194,0.680521761,9,NO
22,64,0.278606965,0.769244965,6,NO
7,27,0.237931034,0.643569725,2,NO
5,30,0.263313609,0.67540385,0,NO
9,45,0.246073298,0.740814632,4,NO
2,19,0.28627451,0.733660131,4,NO
15,59,0.251953125,0.708069073,5,NO
5,58,0.257884972,0.682543045,4,NO
13,46,0.27680798,0.739675344,7,NO
8,48,0.282398453,0.75619416,9,NO
27,69,0.209090909,0.744929728,6,NO
3,26,0.272972973,0.664570511,3,NO
9,29,0.211764706,0.601525054,3,NO
6,35,0.279778393,0.732497804,9,NO
10,37,0.242307692,0.724114985,13,NO
4,45,0.247311828,0.684356979,5,NO
4,31,0.316622691,0.753255596,5,NO
12,50,0.233962264,0.703773585,10,NO
9,55,0.300683371,0.836908506,12,NO
23,72,0.246753247,0.797056277,1,NO
12,82,0.285132383,0.807324087,6,NO
8,43,0.255813953,0.739434329,7,NO
11,42,0.300724638,0.837814645,4,NO
7,38,0.223234624,0.633781607,3,NO
18,75,0.271043771,0.785924723,4,NO
5,33,0.300940439,0.804680046,6,NO
6,71,0.27961165,0.704392719,7,NO
2,22,0.196551724,0.568645244,8,NO
7,43,0.30170778,0.77644604,3,NO
1,38,0.294117647,0.69857876,9,NO
9,30,0.275,0.794196429,2,NO
26,84,0.304964539,0.923280996,7,NO
11,55,0.308176101,0.83769991,7,NO
1,33,0.255050505,0.616659553,3,NO
3,43,0.245283019,0.634504595,1,NO
0,40,0.340909091,0.806818182,6,NO
5,33,0.257352941,0.665181355,10,NO
10,52,0.266260163,0.709036898,8,NO
6,50,0.291208791,0.735284096,1,NO
15,88,0.273684211,0.734266335,2,NO
8,46,0.301851852,0.764877589,3,NO
13,49,0.22614841,0.672775084,2,NO
4,59,0.278688525,0.72056546,8,NO
15,47,0.250883392,0.803716302,6,NO
0,41,0.293995859,0.737795427,2,NO
17,59,0.26007326,0.805222734,9,NO
8,46,0.278481013,0.729569814,12,NO
3,44,0.237681159,0.612637681,8,NO
8,36,0.230769231,0.67455359,4,NO
2,51,0.282110092,0.699371039,7,NO
17,63,0.253731343,0.775155679,4,NO
15,74,0.305709024,0.850669867,3,NO
10,55,0.315649867,0.839487894,13,NO
3,33,0.256842105,0.672048098,1,NO
2,17,0.214046823,0.6026442,3,NO
8,58,0.25,0.729395604,2,NO
4,28,0.275590551,0.766762516,2,NO
5,21,0.25443787,0.682662563,1,NO
17,54,0.226495726,0.655432851,4,NO
10,44,0.289693593,0.770659239,1,NO
9,41,0.258181818,0.706540404,2,NO
2,49,0.283553875,0.72225794,10,NO
15,33,0.228228228,0.692545236,8,NO
12,63,0.242761693,0.765319387,1,NO
3,20,0.204152249,0.591414099,4,NO
16,57,0.305936073,0.87518559,4,NO
12,54,0.25,0.699674948,3,NO
10,35,0.262839879,0.764914289,1,NO
4,20,0.194444444,0.528197065,9,NO
2,28,0.302180685,0.741459955,1,NO
5,45,0.258536585,0.684440168,1,NO
4,63,0.266075388,0.663459885,9,NO
1,30,0.197916667,0.531027844,1,NO
17,47,0.263279446,0.886417302,2,NO
5,35,0.253644315,0.694023324,0,NO
17,69,0.322368421,0.898977816,0,NO
11,62,0.25862069,0.692953056,8,NO
5,43,0.254940711,0.64380547,10,NO
5,37,0.253196931,0.675668449,3,NO
14,50,0.260188088,0.796352078,3,NO
13,60,0.241269841,0.74415626,2,NO
25,88,0.287334594,0.810428702,8,NO
7,32,0.256140351,0.736475683,7,NO
6,30,0.26875,0.695909257,1,NO
2,46,0.257692308,0.738815789,0,NO
17,59,0.292259084,0.83277075,1,NO
15,65,0.263888889,0.798319328,6,NO
4,59,0.29787234,0.724042208,6,NO
2,39,0.247838617,0.637112874,5,NO
8,51,0.272727273,0.80552359,11,NO
2,37,0.253196931,0.655404496,4,NO
3,17,0.232198142,0.583069488,3,NO
8,41,0.236245955,0.685703408,1,NO
8,35,0.279883382,0.753363831,3,NO
5,40,0.217603912,0.533491773,10,NO
10,57,0.27962963,0.72444637,10,NO
11,43,0.241992883,0.70854653,7,NO
34,95,0.264604811,0.836195281,11,NO
4,41,0.260948905,0.696711791,2,NO
1,24,0.262975779,0.633150805,0,NO
14,34,0.225092251,0.72170284,2,NO
7,38,0.308707124,0.791067171,9,NO
7,29,0.255737705,0.707360023,5,NO
15,59,0.261758691,0.707074878,2,NO
10,37,0.206349206,0.628487886,7,NO
1,28,0.263803681,0.687007312,1,NO
3,23,0.297297297,0.757823258,2,NO
4,41,0.315789474,0.777270708,5,NO
2,27,0.274052478,0.660248904,6,NO
9,48,0.268656716,0.755229471,3,NO
14,38,0.258258258,0.724696043,11,NO
16,58,0.231671554,0.73169922,3,NO
9,58,0.313620072,0.821684588,2,NO
11,73,0.300347222,0.813064099,3,NO
13,68,0.269058296,0.73256052,4,NO
7,35,0.267175573,0.703678001,7,NO
4,26,0.249134948,0.642391567,2,NO
13,40,0.237681159,0.750332353,4,NO
32,117,0.28113879,0.89219848,5,NO
14,53,0.242562929,0.680848951,10,NO
1,33,0.264604811,0.649878521,2,NO
18,42,0.238916256,0.735285042,0,NO
15,52,0.265780731,0.847305279,4,NO
9,48,0.224324324,0.668692616,4,NO
12,54,0.26446281,0.762736688,5,NO
5,53,0.199074074,0.552342454,1,NO
17,50,0.262195122,0.765192948,1,NO
23,63,0.22,0.72277027,1,NO
16,45,0.208791209,0.597543633,1,NO
2,45,0.305743243,0.71850159,5,NO
20,67,0.243445693,0.762073561,9,NO
10,39,0.218844985,0.622778573,7,NO
31,106,0.25,0.780171078,9,NO
10,47,0.227642276,0.647425474,3,NO
4,39,0.264339152,0.660050112,8,NO
9,72,0.245579568,0.650824046,3,NO
14,40,0.212981744,0.609608874,3,NO
15,47,0.300268097,0.843970431,3,NO
8,33,0.224137931,0.612763602,6,NO
17,51,0.283783784,0.838801576,1,NO
13,61,0.270983213,0.779502448,1,NO
10,55,0.305747126,0.820615816,5,NO
17,67,0.288801572,0.840985076,2,NO
3,39,0.261682243,0.69616754,4,NO
5,26,0.290519878,0.781123607,7,NO
14,43,0.295950156,0.885919518,0,NO
6,26,0.273015873,0.733333333,1,NO
12,82,0.290322581,0.826379287,12,NO
8,36,0.225694444,0.646619497,8,NO
5,30,0.218487395,0.555214253,8,NO
26,91,0.252525253,0.812138718,5,NO
16,56,0.267567568,0.848348348,6,NO
3,27,0.238961039,0.621326042,2,NO
12,48,0.220930233,0.629063516,2,NO
4,51,0.259770115,0.690342458,2,NO
20,51,0.266903915,0.878504885,6,NO
16,80,0.278787879,0.748106766,6,NO
9,38,0.284615385,0.795849855,7,NO
9,29,0.265873016,0.762672811,2,NO
13,35,0.232876712,0.74391172,5,NO
9,34,0.262411348,0.797246558,1,NO
5,33,0.228323699,0.608043291,2,NO
17,67,0.256732496,0.722713441,4,NO
11,55,0.269724771,0.722380695,5,NO
1,18,0.28358209,0.643439165,3,NO
19,76,0.276157804,0.776760828,5,NO
2,14,0.236363636,0.624635762,4,NO
3,26,0.206128134,0.529939001,4,NO
17,31,0.248466258,0.790505323,4,NO
10,42,0.275482094,0.725873795,4,NO
7,32,0.249097473,0.713890155,4,NO
34,100,0.24025974,0.843237448,3,NO
24,63,0.277264325,0.843737629,7,NO
6,41,0.245318352,0.610046463,1,NO
10,47,0.264197531,0.744653693,6,NO
2,63,0.283662478,0.690120393,4,NO
4,48,0.319587629,0.918952764,8,NO
1,37,0.247282609,0.651662241,10,NO
9,33,0.254901961,0.686041257,2,NO
4,21,0.248648649,0.634322342,2,NO
5,53,0.247288503,0.686072189,12,NO
18,65,0.235616438,0.717433381,5,NO
24,94,0.303747535,0.887486691,7,NO
1,35,0.300813008,0.783847239,2,NO
1,29,0.23964497,0.590806915,4,NO
20,50,0.227488152,0.723615523,3,NO
0,20,0.255319149,0.614873916,4,NO
1,29,0.2375,0.622997033,5,NO
7,36,0.282051282,0.749052117,6,NO
12,38,0.247104247,0.722267861,3,NO
7,52,0.256038647,0.669844902,4,NO
8,27,0.259541985,0.760625129,14,NO
12,40,0.21402214,0.733908601,4,NO
6,29,0.220640569,0.629391368,8,NO
7,38,0.273641851,0.683654164,10,NO
5,36,0.290697674,0.752237307,5,NO
3,40,0.309455587,0.825377787,7,NO
4,38,0.246119734,0.626118829,1,NO
6,62,0.256830601,0.646742646,10,NO
21,61,0.262222222,0.789041219,6,NO
1,21,0.243346008,0.583501774,3,NO
3,28,0.261111111,0.688271605,5,NO
14,61,0.262323944,0.748878657,1,NO
8,53,0.284823285,0.750233937,0,NO
6,29,0.250965251,0.664092664,1,NO
11,31,0.24340176,0.687927664,2,NO
9,68,0.317073171,0.820625915,12,NO
10,37,0.217081851,0.679431478,14,NO
8,54,0.310991957,0.814262471,5,NO
18,60,0.293010753,0.943788607,2,NO
10,66,0.247232472,0.660765932,3,NO
7,29,0.22310757,0.673503864,11,NO
15,56,0.262172285,0.833482907,9,NO
27,91,0.282485876,0.879494375,5,NO
4,29,0.250659631,0.648309876,10,NO
8,28,0.255905512,0.70017828,3,NO
3,26,0.266409266,0.70129014,3,NO
5,50,0.26584507,0.672880476,8,NO
32,86,0.245575221,0.866430122,5,NO
5,41,0.265753425,0.747260274,4,NO
18,74,0.309954751,0.892861457,4,NO
5,37,0.318181818,0.826813532,7,NO
13,48,0.218390805,0.677994441,0,NO
11,45,0.282798834,0.784085975,1,NO
29,95,0.276271186,0.813097072,4,NO
1,24,0.269230769,0.650866739,4,NO
15,55,0.25,0.780925187,14,NO
20,56,0.31025641,0.898651112,9,NO
8,39,0.242105263,0.759192098,7,NO
18,65,0.257019438,0.773783714,4,NO
0,22,0.228486647,0.534074617,4,NO
3,33,0.271293375,0.683137608,8,NO
22,61,0.285276074,0.925072916,0,NO
9,57,0.267932489,0.722729739,1,NO
3,26,0.237394958,0.600559121,1,NO
3,36,0.321678322,0.829851263,3,NO
14,67,0.256465517,0.736260776,0,NO
11,62,0.254403131,0.682875114,1,NO
4,35,0.299578059,0.725738397,1,NO
0,29,0.230088496,0.545078562,2,NO
13,30,0.250996016,0.810957608,1,NO
7,49,0.220524017,0.617605418,9,NO
4,49,0.290167866,0.758874382,14,NO
18,68,0.280639432,0.785172954,2,NO
10,88,0.267006803,0.723261527,4,NO
3,25,0.300911854,0.813568517,3,NO
6,42,0.235988201,0.683410302,4,NO
3,26,0.227272727,0.593634045,7,NO
5,33,0.251515152,0.685467757,8,NO
9,50,0.237333333,0.69982263,1,NO
5,45,0.252336449,0.712919083,5,NO
27,99,0.259803922,0.760071301,5,NO
1,19,0.261818182,0.675487549,1,NO
8,36,0.258785942,0.733351777,6,NO
3,23,0.241269841,0.616708932,4,NO
8,69,0.282014388,0.714184445,4,NO
4,37,0.345098039,0.865865486,10,NO
10,61,0.261036468,0.675209617,1,NO
9,47,0.217889908,0.646964003,2,NO
12,35,0.244956772,0.679193708,7,NO
9,40,0.250728863,0.70481245,2,NO
9,47,0.269794721,0.776054149,6,NO
17,64,0.247544204,0.727102299,11,NO
29,101,0.282312925,0.863758347,5,NO
19,55,0.267893661,0.767787352,6,NO
36,92,0.268602541,0.923617255,3,NO
19,60,0.236714976,0.780308947,5,NO
13,64,0.302197802,0.766043069,1,NO
7,20,0.225589226,0.644673687,8,NO
6,40,0.269874477,0.690480175,2,NO
3,27,0.276223776,0.67117964,1,NO
0,28,0.292899408,0.703096861,5,NO
10,55,0.267857143,0.720833333,4,NO
18,66,0.277258567,0.778714854,3,NO
7,25,0.234899329,0.660877646,4,NO
23,75,0.22300885,0.688924559,3,NO
20,78,0.300155521,0.789411268,6,NO
0,23,0.245810056,0.576582868,8,NO
19,64,0.26006192,0.802747037,7,NO
19,57,0.236842105,0.749512671,5,NO
9,47,0.276657061,0.78483256,2,NO
25,74,0.271119843,0.822956418,5,NO
4,27,0.256,0.65588015,4,NO
12,46,0.251798561,0.755133641,2,NO
7,60,0.30248307,0.817123834,2,NO
33,100,0.27145359,0.852754326,8,NO
24,98,0.292517007,0.842293711,10,NO
5,31,0.301075269,0.762349622,3,NO
9,53,0.301449275,0.809971014,2,NO
6,34,0.275985663,0.756989247,4,NO
4,33,0.265306122,0.724544054,1,NO
7,42,0.276094276,0.763539005,4,NO
7,40,0.264236902,0.682949815,3,NO
9,25,0.176923077,0.571364501,2,NO
12,44,0.217008798,0.688488808,8,NO
9,49,0.263157895,0.752339181,4,NO
6,15,0.215139442,0.640999383,12,NO
18,67,0.305418719,0.861585251,1,NO
1,40,0.256038647,0.60097704,3,NO
2,36,0.242424242,0.590955844,1,NO
30,94,0.287692308,0.816043956,5,NO
2,28,0.270949721,0.624659129,7,NO
40,92,0.206,0.809958406,3,NO
12,52,0.242206235,0.699709259,4,NO
10,68,0.258181818,0.721846996,7,NO
16,55,0.235930736,0.743970315,12,NO
15,75,0.290215589,0.790564124,5,NO
1,24,0.240282686,0.579981202,2,NO
7,56,0.27735369,0.776120315,1,NO
8,52,0.293598234,0.745574955,0,NO
11,55,0.240506329,0.685185827,1,NO
3,33,0.273743017,0.684827992,15,NO
8,57,0.278728606,0.774392863,4,NO
16,40,0.260309278,0.754724089,5,NO
5,41,0.286821705,0.723533165,4,NO
15,60,0.277777778,0.753883732,3,NO
1,24,0.253787879,0.632962276,1,NO
6,23,0.239202658,0.668727516,7,NO
19,57,0.284064665,0.785289995,8,NO
8,41,0.248120301,0.690798096,3,NO
11,66,0.262452107,0.700696319,10,NO
12,75,0.284894837,0.723902626,1,NO
3,21,0.242424242,0.616779497,8,NO
5,33,0.225146199,0.586115827,15,NO
2,33,0.290384615,0.71638796,7,NO
16,68,0.276391555,0.831401278,2,NO
3,16,0.207171315,0.540331212,4,NO
20,77,0.262260128,0.798347548,1,NO
4,52,0.293650794,0.722639933,8,NO
17,76,0.253144654,0.691525699,7,NO
20,78,0.259423503,0.774545455,1,NO
16,70,0.262939959,0.778826874,4,NO
8,28,0.233676976,0.663005428,3,NO
2,16,0.24516129,0.614868805,0,NO
3,25,0.223076923,0.549773756,0,NO
5,46,0.252659574,0.631065926,3,NO
1,23,0.275773196,0.666543654,0,NO
3,44,0.259259259,0.67940462,1,NO
6,33,0.247887324,0.667769242,5,NO
3,31,0.24340176,0.664711632,3,NO
25,99,0.252669039,0.746171251,3,NO
2,34,0.276816609,0.712018733,2,NO
5,42,0.278592375,0.744711334,10,NO
16,72,0.275609756,0.742731028,6,NO
8,27,0.256849315,0.717817143,2,NO
2,28,0.248898678,0.643499401,2,NO
21,78,0.244863014,0.723614331,2,NO
13,55,0.26300578,0.794782866,8,NO
6,33,0.204545455,0.620314992,3,NO
13,27,0.258389262,0.768567895,2,NO
11,58,0.295454545,0.804470687,7,NO
15,44,0.221875,0.727660124,5,NO
1,23,0.271714922,0.677377653,1,NO
7,56,0.261506276,0.694354634,5,NO
1,18,0.25483871,0.660162172,7,NO
5,27,0.30078125,0.749201324,10,NO
0,25,0.263761468,0.648206839,2,NO
15,78,0.317647059,0.856813168,3,NO
10,69,0.253424658,0.709377659,3,NO
7,56,0.262877442,0.701014189,5,NO
11,44,0.253378378,0.76391097,4,NO
5,26,0.234126984,0.637298722,7,NO
1,38,0.251162791,0.67577406,0,NO
20,78,0.294,0.829959335,1,NO
8,69,0.287846482,0.742058828,13,NO
2,27,0.258302583,0.657720741,3,NO
3,27,0.255813953,0.625592352,1,NO
6,26,0.21299639,0.576819175,5,NO
13,67,0.258992806,0.69254261,5,NO
4,26,0.23857868,0.635951307,4,NO
10,35,0.227848101,0.683042485,10,NO
2,39,0.292763158,0.686820109,2,NO
4,41,0.286396181,0.761162852,4,NO
3,49,0.256916996,0.621682665,2,NO
18,63,0.267156863,0.749374577,7,NO
24,60,0.245939675,0.807232843,4,NO
8,35,0.225663717,0.605024501,0,NO
9,39,0.277439024,0.812830351,1,NO
30,92,0.252918288,0.829538036,4,NO
8,44,0.258126195,0.68033829,8,NO
14,75,0.238589212,0.659347293,4,NO
13,50,0.240469208,0.734822487,8,NO
4,41,0.239193084,0.652599274,3,NO
3,44,0.259938838,0.6545391,8,NO
2,36,0.240174672,0.560966046,3,NO
20,65,0.313291139,0.968469666,3,NO
2,33,0.292397661,0.749237223,4,NO
6,35,0.235507246,0.668873625,5,NO
4,56,0.241650295,0.616647673,9,NO
7,61,0.23880597,0.65175103,4,NO
16,56,0.254079254,0.742138459,6,NO
11,58,0.263934426,0.702304338,3,NO
9,43,0.248496994,0.674200861,2,NO
17,73,0.300711744,0.817996141,7,NO
2,27,0.213178295,0.614780002,2,NO
6,67,0.311711712,0.788643552,3,NO
21,81,0.236203091,0.745467924,3,NO
6,31,0.272988506,0.681500466,8,NO
1,47,0.271493213,0.662383676,6,NO
10,39,0.278592375,0.797053774,5,NO
24,55,0.234597156,0.756051572,2,NO
12,52,0.26076555,0.720323536,1,NO
12,41,0.253378378,0.746883824,4,NO
4,60,0.32278481,0.794192976,1,NO
2,55,0.28458498,0.725125828,5,NO
7,40,0.311036789,0.799092212,0,NO
11,41,0.286764706,0.786611861,0,NO
28,78,0.282460137,0.90832339,1,NO
6,38,0.225165563,0.61845135,2,NO
12,49,0.275862069,0.785240188,4,NO
3,42,0.249249249,0.644850733,5,NO
21,72,0.270034843,0.770870864,4,NO
12,50,0.250922509,0.745717148,0,NO
0,25,0.291907514,0.691458935,1,NO
22,64,0.23853211,0.7444583,1,NO
17,43,0.253676471,0.865459792,11,NO
15,66,0.255555556,0.725111111,7,NO
6,43,0.267477204,0.712526849,6,NO
12,41,0.254901961,0.722046968,6,NO
21,76,0.248484848,0.763603246,2,NO
13,41,0.198653199,0.707070707,7,NO
3,35,0.243243243,0.583595024,7,NO
19,105,0.292834891,0.781568912,2,NO
25,77,0.26618705,0.783631918,10,NO
5,25,0.21875,0.576343648,4,NO
15,62,0.28032345,0.814246832,6,NO
3,34,0.216,0.606620209,13,NO
1,29,0.227586207,0.560890983,5,NO
30,94,0.283088235,0.828040303,6,NO
5,58,0.262975779,0.681736592,3,NO
18,82,0.307282416,0.878319375,4,NO
15,57,0.313069909,0.927991158,8,NO
17,70,0.248722317,0.674781027,7,NO
6,23,0.205426357,0.570876818,3,NO
16,70,0.234496124,0.700373139,4,NO
8,55,0.261904762,0.666999667,6,NO
46,121,0.281632653,1.037332576,6,NO
3,30,0.290140845,0.697378002,3,NO
13,53,0.305509182,0.798081888,5,NO
22,92,0.300847458,0.878640032,4,NO
3,24,0.219858156,0.63168137,12,NO
0,21,0.293995859,0.691735213,3,NO
5,37,0.270422535,0.657316845,5,NO
18,57,0.272151899,0.909586454,13,NO
19,67,0.272511848,0.828813127,1,NO
4,39,0.270053476,0.704304161,4,NO
9,33,0.202657807,0.588323475,7,NO
2,47,0.282275711,0.675738512,1,NO
8,38,0.264,0.773480969,6,NO
3,11,0.265151515,0.644264069,2,NO
8,92,0.302884615,0.742995752,3,NO
9,74,0.27592955,0.760602276,4,NO
12,60,0.276346604,0.829567569,4,NO
8,38,0.236842105,0.739839796,6,NO
3,37,0.305882353,0.753921569,2,NO
6,26,0.227166276,0.611339002,4,NO
18,50,0.241721854,0.781083577,10,NO
5,27,0.258503401,0.647289884,8,NO
10,39,0.201492537,0.664857531,4,NO
20,60,0.24671916,0.797900262,6,NO
4,21,0.226666667,0.640449658,2,NO
13,60,0.249427918,0.696113686,5,NO
2,50,0.296357616,0.730654224,4,NO
25,57,0.236702128,0.809887139,12,NO
9,34,0.234527687,0.671373884,2,NO
13,89,0.287090559,0.773113821,2,NO
2,38,0.213793103,0.547605952,4,NO
7,45,0.238095238,0.618742658,3,NO
3,15,0.25,0.661375661,4,NO
16,51,0.195402299,0.662370547,4,NO
1,16,0.241007194,0.600813161,5,NO
6,40,0.261538462,0.6595511,3,NO
0,18,0.309226933,0.762549693,10,NO
24,92,0.300699301,0.828925928,1,NO
14,46,0.244897959,0.695184128,3,NO
21,87,0.279069767,0.783820955,6,NO
9,56,0.314018692,0.789529542,8,NO
17,80,0.25,0.720483827,3,NO
5,35,0.225308642,0.626644404,11,NO
30,70,0.215555556,0.760481928,12,NO
3,38,0.264646465,0.623287908,10,NO
30,102,0.299832496,0.914907377,5,NO
0,18,0.240601504,0.558337333,7,NO
24,68,0.252747253,0.842203417,0,NO
20,67,0.273195876,0.85742268,6,NO
14,72,0.279661017,0.775012342,2,NO
3,54,0.264940239,0.644200974,4,NO
9,49,0.257142857,0.761463373,5,NO
23,88,0.273743017,0.816204572,9,NO
13,60,0.265263158,0.720467836,3,NO
13,50,0.236914601,0.689853076,2,NO
20,59,0.272401434,0.764780481,0,NO
10,63,0.276679842,0.768912424,7,NO
1,36,0.217864924,0.562348062,5,NO
9,41,0.295019157,0.824638006,6,NO
8,34,0.282828283,0.749588418,1,NO
27,104,0.305699482,0.88737987,5,NO
20,89,0.276895944,0.767751521,4,NO
2,29,0.254593176,0.606416735,6,NO
6,48,0.271812081,0.702299552,4,NO
10,37,0.347328244,0.997302799,9,NO
3,40,0.293375394,0.754554075,6,NO
5,32,0.248858447,0.644960275,4,NO
6,48,0.274322169,0.729017145,1,NO
1,28,0.233802817,0.634841371,3,NO
8,36,0.293103448,0.795886267,7,NO
6,39,0.258449304,0.650740601,9,NO
9,47,0.317333333,0.787170068,4,NO
1,35,0.23943662,0.61646461,11,NO
1,35,0.25,0.621613793,3,NO
26,68,0.250988142,0.806609348,3,NO
18,64,0.276995305,0.776618496,2,NO
8,38,0.288571429,0.72179058,9,NO
9,32,0.283524904,0.793223597,4,NO
15,61,0.304157549,0.858788362,6,NO
16,61,0.256532067,0.813854188,7,NO
2,17,0.333951763,0.805907452,4,NO
21,82,0.292364991,0.834349941,9,NO
8,65,0.296954315,0.836874307,6,NO
32,105,0.297640653,0.904745038,4,NO
6,23,0.253644315,0.693269555,8,NO
7,43,0.294900222,0.770895594,7,NO
2,27,0.255813953,0.672895903,8,NO
3,29,0.290540541,0.666056981,1,NO
17,53,0.266475645,0.835541028,4,NO
4,33,0.270588235,0.724791835,8,NO
12,54,0.286374134,0.836243202,0,NO
4,27,0.248447205,0.602898551,3,NO
5,60,0.29010989,0.728830923,0,NO
11,30,0.229508197,0.674390244,3,NO
7,42,0.279202279,0.798287832,3,NO
6,51,0.293310463,0.726700972,5,NO
7,46,0.254691689,0.665606285,3,NO
4,25,0.211111111,0.547519958,8,NO
22,74,0.303448276,0.857489224,4,NO
8,29,0.22985782,0.634999898,1,NO
5,26,0.251141553,0.665058325,0,NO
10,50,0.268867925,0.748906062,6,NO
6,47,0.293948127,0.819373431,0,NO
18,90,0.251785714,0.700517683,11,NO
8,31,0.2734375,0.70260795,3,NO
27,73,0.322666667,1.026969697,3,NO
22,72,0.271653543,0.763664996,6,NO
8,39,0.336158192,0.822347772,13,NO
7,39,0.252717391,0.670509153,7,NO
27,90,0.275330396,0.852283057,7,NO
10,31,0.299625468,0.885591836,3,NO
7,26,0.243169399,0.673818708,0,NO
6,42,0.269794721,0.726133135,5,NO
3,28,0.259868421,0.678939442,3,NO
11,35,0.250659631,0.695379368,3,NO
16,81,0.276051188,0.789612684,6,NO
6,31,0.246621622,0.62359146,6,NO
12,42,0.275735294,0.851058106,8,NO
10,55,0.231441048,0.643130535,3,NO
4,26,0.265714286,0.656622691,9,NO
16,57,0.247030879,0.693617816,2,NO
6,27,0.253602305,0.662974304,3,NO
1,30,0.25,0.5727639,8,NO
4,26,0.252707581,0.628183155,0,NO
8,19,0.234200743,0.704649887,4,NO
11,84,0.28913738,0.702369939,15,NO
13,93,0.288372093,0.723464126,1,NO
11,44,0.310240964,0.871273713,10,NO
6,45,0.25974026,0.672043746,6,NO
4,33,0.256716418,0.644197552,4,NO
8,52,0.272727273,0.759438236,5,NO
5,35,0.233396584,0.564726966,0,NO
8,38,0.277602524,0.744677783,10,NO
33,129,0.295532646,0.911426735,5,NO
6,48,0.246418338,0.633623394,3,NO
17,38,0.254752852,0.866093032,6,NO
8,57,0.285714286,0.766671882,5,NO
4,41,0.286096257,0.759870558,3,NO
9,55,0.272727273,0.70722644,6,NO
16,56,0.247787611,0.741160381,3,NO
14,69,0.278438031,0.751809973,5,NO
18,90,0.294407895,0.798723488,7,NO
13,58,0.312668464,0.87834681,6,NO
14,68,0.270022883,0.741488389,4,NO
7,53,0.263986014,0.689660018,7,NO
2,26,0.287401575,0.660732626,2,NO
23,66,0.234866828,0.725214616,7,NO
2,23,0.267361111,0.638077201,4,NO
34,117,0.33560477,0.973741871,2,NO
5,23,0.290196078,0.768504902,5,NO
15,58,0.223744292,0.722203884,0,NO
14,50,0.284705882,0.79015998,9,NO
14,83,0.309701493,0.845750063,2,NO
21,70,0.258666667,0.834166667,2,NO
15,74,0.275700935,0.792095016,4,NO
7,42,0.217847769,0.58090425,7,NO
1,50,0.252016129,0.654386168,7,NO
3,30,0.234323432,0.627878082,2,NO
15,67,0.269922879,0.804111953,7,NO
7,34,0.218232044,0.623527826,3,NO
19,74,0.347150259,0.980824057,5,NO
20,104,0.265486726,0.764927956,6,NO
15,48,0.284866469,0.805299316,1,NO
15,46,0.239482201,0.766529342,6,NO
0,32,0.222760291,0.534237288,4,NO
25,82,0.277432712,0.873312891,5,NO
15,55,0.271084337,0.742971888,3,NO
5,60,0.296360485,0.769729217,2,NO
35,85,0.270018622,0.898527171,4,NO
7,59,0.256465517,0.676645542,10,NO
6,24,0.266917293,0.703837179,9,NO
9,44,0.240740741,0.731764316,2,NO
13,44,0.233243968,0.678666236,5,NO
3,25,0.270462633,0.674950833,7,NO
12,53,0.27756654,0.804415302,3,NO
2,47,0.288,0.688414048,6,NO
21,69,0.319039451,0.881502355,5,NO
14,32,0.255033557,0.767162483,2,NO
14,46,0.308823529,0.89746732,1,NO
23,58,0.284974093,0.875557085,6,NO
15,76,0.266519824,0.756657695,11,NO
4,38,0.25915493,0.654214174,9,NO
6,38,0.264984227,0.735103889,7,NO
12,56,0.244525547,0.64983428,3,NO
9,41,0.3,0.790794066,1,NO
2,21,0.25,0.643925188,11,NO
9,41,0.254733219,0.679095263,3,NO
16,40,0.225201072,0.717110866,1,NO
0,38,0.232645403,0.601530272,2,NO
15,79,0.248275862,0.754988506,6,NO
14,30,0.247011952,0.806290198,1,NO
12,53,0.236024845,0.70292228,5,NO
23,87,0.302782324,0.87890848,4,NO
9,31,0.303135889,0.821225867,2,NO
12,74,0.308977035,0.811969645,5,NO
7,67,0.287109375,0.736685739,2,NO
17,58,0.253036437,0.716845691,5,NO
10,60,0.287937743,0.766295451,1,NO
3,32,0.257009346,0.637323524,7,NO
9,37,0.24437299,0.720498857,4,NO
2,35,0.233409611,0.650405658,7,NO
15,63,0.313531353,0.828506354,7,NO
27,86,0.273684211,0.832294328,5,NO
14,65,0.23125,0.643206874,3,NO
25,59,0.261343013,0.820801934,1,NO
8,41,0.260204082,0.674044266,6,NO
29,83,0.224576271,0.765065913,1,NO
0,34,0.270114943,0.651340996,11,NO
17,65,0.300505051,0.832621995,8,NO
23,89,0.298387097,0.853982301,5,NO
34,94,0.302734375,0.947819703,2,NO
10,52,0.267489712,0.706131044,0,NO
0,25,0.265306122,0.607444847,6,NO
4,24,0.253125,0.652321429,1,NO
13,50,0.277777778,0.823953824,8,NO
6,48,0.292543021,0.733249329,6,NO
27,83,0.252767528,0.776332462,5,NO
9,82,0.308998302,0.784727056,2,NO
9,34,0.298701299,0.813883516,7,NO
12,41,0.278350515,0.75359116,13,NO
12,65,0.297142857,0.851859296,0,NO
0,15,0.243542435,0.600115237,5,NO
12,35,0.230352304,0.660766782,5,NO
8,42,0.217983651,0.612188874,8,NO
14,56,0.263707572,0.765835603,4,NO
17,60,0.269315673,0.757258399,2,NO
7,56,0.219665272,0.598293925,3,NO
13,43,0.170940171,0.541956707,14,NO
8,51,0.284057971,0.759812401,4,NO
15,67,0.216216216,0.643190737,4,NO
3,50,0.3,0.759589041,5,NO
9,40,0.258555133,0.796273764,10,NO
5,34,0.285198556,0.724753404,2,NO
12,71,0.291428571,0.80657286,3,NO
34,88,0.273830156,0.856729289,4,NO
9,23,0.194656489,0.599566814,2,NO
14,58,0.287769784,0.866560598,4,NO
5,46,0.290135397,0.768272813,10,NO
31,86,0.311340206,0.928387754,6,NO
7,38,0.263665595,0.72979234,3,NO
6,35,0.239067055,0.669837989,2,NO
13,60,0.25,0.662627331,4,NO
9,52,0.247739602,0.683918947,1,NO
6,48,0.204545455,0.606752743,11,NO
3,24,0.284246575,0.780328273,6,NO
4,47,0.278688525,0.707045426,5,NO
6,32,0.307210031,0.783090273,7,NO
19,80,0.275390625,0.810896,4,NO
24,103,0.293762575,0.883448018,6,NO
4,41,0.300859599,0.7166915,7,NO
8,48,0.242125984,0.638183431,4,NO
2,27,0.23180593,0.603605121,7,NO
7,47,0.237113402,0.652060851,6,NO
8,42,0.304136253,0.782127848,14,NO
9,38,0.276276276,0.802402402,2,NO
11,39,0.226628895,0.677393178,4,NO
21,68,0.251082251,0.770493782,6,NO
21,78,0.26118068,0.753847329,6,NO
9,46,0.230366492,0.648909975,4,NO
6,34,0.275985663,0.758719327,5,NO
0,22,0.254480287,0.583876844,4,NO
8,42,0.26056338,0.685536682,8,NO
3,38,0.233545648,0.584822424,3,NO
30,85,0.278095238,0.875437358,3,NO
2,25,0.242165242,0.594099565,10,NO
20,64,0.228412256,0.762364593,5,NO
8,33,0.259067358,0.674989362,4,NO
25,90,0.33041958,0.94298987,1,NO
9,49,0.315614618,0.904983389,2,NO
6,42,0.247863248,0.674951267,4,NO
6,52,0.247288503,0.662072484,8,NO
24,60,0.207253886,0.700402316,6,NO
3,30,0.235074627,0.633727336,10,NO
10,50,0.282548476,0.738882089,9,NO
5,43,0.264705882,0.699380805,3,NO
19,79,0.278276481,0.760029952,9,NO
4,31,0.350877193,0.857421331,1,NO
8,41,0.251572327,0.700029949,7,NO
8,36,0.228021978,0.628903275,8,NO
29,95,0.257575758,0.890171557,6,NO
6,49,0.319693095,0.809475094,3,NO
23,56,0.263768116,0.858752236,6,NO
4,35,0.23255814,0.661036036,13,NO
13,58,0.241014799,0.681404003,2,NO
1,20,0.210526316,0.530586229,8,NO
13,51,0.27688172,0.81564141,7,NO
12,39,0.244394619,0.698023449,8,NO
4,22,0.24911032,0.66531814,1,NO
34,107,0.311320755,0.921886971,3,NO
11,71,0.274952919,0.721267294,6,NO
3,31,0.289230769,0.757345556,2,NO
0,21,0.208762887,0.531306853,5,NO
11,58,0.260869565,0.760081667,10,NO
15,54,0.271111111,0.8033616,5,NO
20,51,0.230508475,0.804028494,0,NO
5,31,0.272222222,0.730250762,2,NO
2,37,0.233009709,0.632097676,17,NO
25,69,0.237804878,0.769467677,3,NO
9,37,0.234265734,0.704381721,1,NO
3,30,0.25210084,0.654414384,4,NO
12,60,0.303797468,0.805667026,2,NO
9,32,0.260416667,0.714674884,3,NO
11,49,0.234375,0.692895299,1,NO
0,36,0.283536585,0.695580907,1,NO
8,33,0.23255814,0.665863787,2,NO
0,19,0.223076923,0.551038062,3,NO
8,36,0.27037037,0.7695543,5,NO
4,44,0.293159609,0.765989653,3,NO
5,24,0.247002398,0.665207657,3,NO
15,75,0.239923225,0.701606891,9,NO
1,48,0.260700389,0.645673389,3,NO
8,32,0.20233463,0.637828926,4,NO
3,34,0.260726073,0.678021013,4,NO
5,47,0.245327103,0.596160591,4,NO
1,17,0.227722772,0.561015858,1,NO
10,53,0.260504202,0.713024141,8,NO
11,60,0.284037559,0.739168343,8,NO
13,57,0.248908297,0.718533759,3,NO
10,55,0.299734748,0.796087533,11,NO
5,31,0.274305556,0.718112477,3,NO
5,51,0.308943089,0.745232816,12,NO
8,52,0.274725275,0.680864188,4,NO
17,68,0.249569707,0.689778176,1,NO
14,40,0.248858447,0.733377882,2,NO
1,47,0.29689808,0.685113927,10,NO
18,58,0.271356784,0.800912009,1,NO
15,58,0.243386243,0.749148366,1,NO
11,64,0.261306533,0.731402339,8,NO
12,39,0.265734266,0.766674309,0,NO
15,74,0.274698795,0.785856701,2,NO
7,32,0.217252396,0.627218299,6,NO
2,33,0.282798834,0.697334334,5,NO
4,36,0.274647887,0.724494402,10,NO
26,78,0.266924565,0.814540903,3,NO
13,36,0.221374046,0.715508236,3,NO
14,83,0.251376147,0.741098381,9,NO
6,48,0.269972452,0.705501419,6,NO
16,69,0.303675048,0.796940583,4,NO
9,41,0.280254777,0.781838336,4,NO
2,21,0.222222222,0.588719458,8,NO
4,61,0.287292818,0.693583641,9,NO
0,25,0.218562874,0.530734112,3,NO
5,35,0.268421053,0.697986163,6,NO
4,42,0.28525641,0.723845393,0,NO
10,60,0.293670886,0.806851701,3,NO
2,47,0.298279159,0.713335756,2,NO
12,45,0.272479564,0.766148017,6,NO
16,57,0.252148997,0.815483466,4,NO
0,34,0.312267658,0.758594259,9,NO
2,20,0.219081272,0.52607632,1,NO
15,60,0.259562842,0.7749167,0,NO
0,35,0.266,0.684726027,6,NO
6,25,0.208333333,0.59400134,5,NO
8,62,0.291028446,0.830642975,8,NO
25,56,0.223502304,0.748132846,7,NO
15,81,0.286527514,0.815042608,9,NO
0,30,0.254957507,0.628873614,3,NO
7,54,0.317679558,0.807922737,11,NO
24,98,0.273684211,0.821192036,7,NO
11,52,0.307917889,0.817954991,1,NO
2,27,0.28358209,0.68525231,2,NO
7,46,0.266075388,0.702050436,2,NO
14,76,0.299242424,0.812490483,2,NO
14,34,0.223564955,0.676325948,2,NO
34,109,0.275213675,0.860446853,4,NO
3,49,0.240213523,0.597128682,6,NO
21,74,0.235930736,0.767726526,1,NO
9,52,0.23613963,0.663949479,2,NO
11,41,0.215613383,0.643990519,2,NO
31,90,0.271477663,0.836098838,2,NO
9,48,0.24738676,0.736868467,3,NO
12,38,0.257142857,0.796930625,1,NO
7,33,0.214285714,0.658946609,6,NO
0,35,0.257471264,0.630798886,10,NO
14,40,0.27734375,0.851217049,10,NO